Size,Merge,Combine_Th5,Combine_Th10,Combine_Th20,Combine_Th30,Combine_Th50
500,1,0,0,0,0,0
600,1,0,0,0,0,0
700,1,0,0,0,0,0
800,1,0,0,0,0,0
900,1,0,0,0,0,0
1000,1,0,0,0,0,0
1100,1,0,0,0,0,0
1200,1,0,0,0,0,0
1300,2,0,0,0,0,0
1400,2,1,0,0,0,0
1500,2,1,0,0,0,0
1600,2,1,0,0,0,0
1700,3,1,0,0,0,0
1800,2,1,1,0,0,1
1900,3,2,1,1,0,0
2000,4,1,1,1,0,0
2100,5,1,1,0,0,0
2200,3,1,1,0,0,0
2300,5,2,1,1,0,0
2400,5,1,1,0,0,0
2500,4,1,1,0,0,0
2600,5,2,1,0,0,0
2700,5,2,2,1,1,0
2800,5,3,2,1,1,0
2900,4,2,1,1,1,1
3000,4,2,1,1,1,0
3100,7,2,1,1,1,1
3200,7,4,2,1,1,1
3300,7,2,1,1,1,1
3400,9,2,1,2,1,1
3500,6,4,2,1,1,1
3600,7,3,3,1,1,1
3700,7,2,2,1,1,1
3800,6,3,2,1,1,1
3900,6,2,2,1,1,2
4000,8,3,2,1,1,1
4100,7,3,2,1,2,1
4200,7,2,2,1,1,1
4300,7,2,2,1,1,1
4400,7,2,2,1,1,1
4500,7,2,2,1,1,1
4600,7,2,2,1,1,1
4700,7,2,2,1,1,1
4800,8,2,2,1,1,1
4900,8,3,2,1,1,1
5000,8,3,2,1,1,1
5100,8,3,2,1,1,1
5200,8,3,2,2,1,1
5300,8,3,2,2,1,1
5400,9,3,2,2,1,1
5500,8,3,3,2,1,1
5600,9,3,3,2,1,1
5700,9,3,3,2,1,1
5800,9,4,3,2,2,1
5900,9,4,3,2,1,1
6000,9,4,3,2,2,1
6100,10,4,3,2,2,1
6200,10,4,3,2,2,1
6300,10,4,3,2,2,1
6400,10,4,3,2,2,1
6500,10,4,3,2,2,2
6600,15,5,4,2,2,2
6700,12,5,3,2,2,2
6800,11,5,3,2,2,2
6900,11,5,3,2,2,2
7000,11,5,3,2,2,2
7100,11,5,3,2,2,2
7200,11,5,3,2,2,2
7300,11,5,3,2,2,2
7400,12,5,3,2,2,2
7500,12,5,3,3,2,2
7600,12,6,4,3,2,2
7700,12,5,3,3,2,2
7800,12,5,4,3,2,2
7900,13,5,3,3,3,2
8000,13,5,4,3,3,2
8100,13,5,4,3,3,2
8200,13,5,4,3,3,2
8300,13,5,4,3,3,2
8400,14,5,4,3,3,2
8500,14,5,4,3,4,2
8600,16,5,4,3,3,2
8700,14,5,4,3,3,2
8800,14,5,4,3,3,2
8900,14,5,4,3,3,2
9000,14,5,4,3,3,2
9100,14,6,4,3,3,3
9200,15,5,4,3,3,3
9300,15,5,4,3,3,3
9400,15,6,4,3,3,3
9500,15,6,4,3,3,3
9600,16,6,4,3,3,3
9700,15,6,4,3,3,3
9800,16,6,4,3,3,3
9900,16,6,4,3,3,3
10000,17,6,5,3,3,3
10100,17,6,4,3,3,3
10200,17,6,4,3,3,3
10300,17,6,4,4,4,3
10400,17,6,5,4,4,3
10500,17,6,5,4,4,3
10600,17,6,5,4,4,3
10700,17,7,5,4,4,3
10800,18,7,6,5,4,3
10900,18,7,6,5,4,3
11000,18,7,6,5,4,3
11100,18,8,6,5,4,3
11200,18,8,6,5,4,3
11300,18,8,6,5,4,3
11400,19,8,6,5,4,3
11500,19,8,6,5,4,3
11600,19,8,6,5,4,3
11700,19,9,7,5,4,3
11800,19,9,7,5,4,3
11900,19,9,7,5,4,3
12000,19,9,6,5,4,3
12100,20,9,6,5,4,3
12200,20,9,7,5,4,3
12300,20,10,7,5,4,3
12400,20,10,7,5,4,4
12500,20,10,7,5,4,4
12600,23,10,7,5,4,4
12700,21,10,7,5,4,4
12800,21,10,7,5,4,4
12900,21,10,7,5,4,4
13000,21,10,7,5,4,4
13100,21,10,7,6,4,5
13200,22,10,7,5,4,4
13300,22,10,7,5,4,4
13400,23,10,7,6,5,5
13500,22,10,7,5,4,4
13600,22,10,7,6,4,5
13700,22,10,7,5,5,5
13800,23,10,7,6,5,5
13900,23,10,7,6,5,5
14000,23,10,7,6,5,5
14100,23,10,7,6,5,5
14200,25,10,7,6,5,5
14300,23,10,7,6,5,5
14400,24,13,7,6,5,5
14500,24,10,7,6,5,5
14600,24,10,8,6,5,5
14700,24,10,7,6,5,5
14800,24,11,8,6,5,5
14900,24,11,8,6,5,5
15000,25,11,8,6,5,5
15100,25,11,8,6,5,5
15200,25,11,8,6,5,5
15300,25,11,8,6,5,5
15400,25,11,8,6,5,5
15500,26,11,8,6,5,5
15600,26,11,8,6,8,5
15700,26,11,8,6,6,5
15800,26,11,8,6,7,5
15900,26,11,8,6,6,5
16000,26,11,8,6,6,5
16100,26,11,8,6,6,5
16200,27,11,8,6,6,5
16300,28,11,8,6,6,5
16400,27,11,8,6,6,5
16500,27,12,8,6,6,5
16600,27,12,8,7,7,6
16700,28,11,8,7,7,6
16800,28,11,8,7,7,6
16900,28,12,8,7,7,6
17000,32,12,9,7,7,6
17100,28,11,8,7,7,6
17200,28,11,8,7,7,6
17300,29,11,8,7,7,6
17400,29,12,8,7,7,6
17500,33,12,9,7,7,6
17600,29,12,9,7,11,6
17700,29,12,9,7,7,6
17800,29,12,9,7,7,7
17900,30,12,9,7,7,6
18000,30,12,9,7,7,6
18100,30,12,9,7,7,6
18200,30,12,9,7,7,6
18300,31,12,9,7,7,6
18400,31,12,9,7,7,6
18500,31,13,9,7,7,7
18600,31,12,9,7,7,6
18700,31,12,9,7,7,6
18800,31,12,9,7,7,6
18900,31,12,9,7,7,6
19000,31,12,9,7,7,6
19100,32,12,9,7,7,6
19200,32,12,9,7,7,6
19300,32,12,9,7,7,6
19400,32,12,9,8,8,6
19500,33,12,9,8,8,6
19600,33,12,9,8,8,7
19700,33,12,9,8,8,7
19800,33,13,10,8,8,7
19900,33,13,9,8,8,7
20000,33,13,9,8,8,7
20100,33,13,10,8,8,7
20200,34,13,10,8,8,7
20300,34,13,10,8,8,7
20400,34,13,10,8,8,7
20500,34,13,10,8,8,7
20600,34,13,10,8,8,7
20700,34,13,10,8,8,7
20800,34,13,10,9,8,7
20900,35,14,11,9,8,7
21000,35,14,11,9,8,7
21100,35,14,11,9,8,7
21200,35,14,11,10,8,7
21300,35,17,11,10,8,7
21400,35,14,11,10,8,7
21500,36,15,12,10,8,7
21600,36,15,12,10,8,7
21700,36,15,12,10,8,7
21800,36,15,12,10,8,7
21900,36,15,12,10,8,7
22000,37,16,13,10,8,7
22100,37,16,13,10,8,7
22200,37,16,13,10,9,7
22300,37,16,13,10,9,7
22400,37,16,13,10,9,7
22500,37,17,14,10,9,7
22600,38,17,14,10,9,8
22700,38,17,14,11,9,8
22800,38,17,14,11,9,8
22900,38,17,14,11,9,8
23000,38,17,14,11,9,8
23100,38,18,14,11,9,8
23200,39,18,14,11,9,8
23300,39,18,14,11,9,8
23400,39,18,14,11,9,8
23500,39,18,14,11,9,8
23600,39,18,14,11,9,8
23700,40,19,14,11,9,8
23800,40,19,14,11,9,8
23900,40,19,14,11,9,8
24000,40,19,14,11,9,8
24100,40,19,14,11,9,8
24200,40,20,14,11,9,8
24300,41,20,14,11,9,8
24400,41,20,14,11,9,8
24500,41,20,14,11,9,8
24600,41,20,14,11,9,8
24700,41,20,15,11,9,8
24800,41,20,15,11,9,8
24900,42,20,15,11,9,8
25000,42,20,15,11,10,8
25100,42,20,15,11,10,8
25200,42,20,15,11,10,8
25300,42,21,15,11,10,8
25400,42,21,15,12,10,9
25500,43,21,15,12,10,9
25600,43,21,15,12,10,9
25700,43,21,15,12,10,9
25800,43,21,15,12,10,9
25900,43,21,15,12,10,9
26000,43,21,15,12,10,10
26100,44,21,15,12,10,10
26200,44,21,15,12,10,10
26300,44,21,15,12,10,10
26400,44,21,15,12,10,10
26500,44,21,15,12,10,10
26600,45,21,15,12,10,10
26700,45,21,16,12,10,10
26800,46,21,16,12,10,10
26900,45,22,15,12,10,10
27000,45,21,15,12,10,10
27100,45,21,15,12,10,10
27200,46,21,15,12,10,10
27300,46,21,16,12,10,10
27400,46,21,16,12,10,10
27500,46,22,16,12,10,10
27600,46,21,16,12,10,10
27700,46,22,16,12,10,10
27800,47,22,16,12,11,11
27900,47,22,16,12,11,11
28000,47,22,16,13,11,11
28100,47,22,16,13,11,11
28200,47,22,16,13,11,11
28300,48,22,16,13,11,11
28400,48,22,16,13,11,11
28500,48,22,16,13,11,11
28600,48,22,16,13,11,11
28700,48,22,16,13,11,11
28800,48,22,16,13,11,11
28900,49,22,16,13,11,11
29000,49,22,16,13,11,11
29100,49,22,16,13,11,11
29200,49,22,16,13,11,11
29300,50,22,16,13,11,11
29400,50,22,16,13,11,11
29500,50,22,16,13,11,11
29600,50,22,16,13,11,11
29700,50,22,16,13,11,11
29800,50,23,17,13,11,12
29900,50,23,17,13,11,12
30000,51,23,17,13,11,12
30100,51,23,17,13,11,11
30200,51,23,17,13,11,12
30300,51,23,17,13,11,11
30400,52,23,17,13,11,11
30500,51,24,17,14,12,12
30600,52,23,17,14,12,11
30700,52,23,17,14,12,12
30800,52,23,17,14,12,12
30900,53,23,17,14,12,12
31000,52,25,17,14,12,12
31100,52,23,17,14,13,12
31200,53,23,17,14,13,12
31300,53,23,17,14,13,12
31400,53,23,17,14,13,12
31500,53,23,17,14,13,12
31600,54,23,17,14,14,12
31700,53,23,17,14,14,12
31800,54,23,17,14,14,12
31900,54,23,17,14,14,12
32000,54,23,17,14,14,12
32100,54,23,18,14,14,12
32200,54,23,17,14,14,12
32300,54,23,17,14,14,12
32400,55,24,18,14,14,12
32500,55,24,18,14,14,12
32600,55,24,18,14,14,12
32700,55,24,18,14,14,12
32800,55,24,18,14,14,12
32900,55,24,18,14,14,12
33000,56,24,18,14,14,12
33100,57,24,18,14,14,12
33200,56,24,18,14,14,12
33300,56,24,18,14,14,12
33400,57,24,18,14,14,12
33500,56,24,18,15,14,12
33600,57,24,18,15,15,12
33700,57,24,18,15,15,13
33800,57,24,18,15,15,13
33900,57,24,18,15,15,13
34000,58,24,18,15,15,13
34100,58,24,18,15,15,13
34200,58,24,18,15,15,13
34300,58,24,18,15,15,13
34400,58,24,18,15,15,13
34500,58,24,18,15,15,13
34600,58,24,18,15,15,13
34700,59,24,18,15,15,13
34800,59,24,18,15,15,13
34900,59,24,18,15,15,13
35000,59,24,18,15,15,13
35100,59,25,18,15,15,13
35200,59,25,18,15,15,13
35300,60,25,18,15,15,13
35400,63,25,19,15,15,13
35500,60,25,19,15,15,13
35600,60,25,19,15,15,13
35700,60,25,20,15,15,13
35800,62,25,19,15,15,13
35900,61,25,19,15,15,13
36000,61,25,19,15,15,13
36100,61,25,19,15,15,13
36200,61,25,19,15,15,13
36300,62,25,19,15,15,13
36400,62,25,19,15,15,13
36500,62,25,19,15,15,13
36600,62,25,19,15,15,13
36700,62,25,19,15,15,16
36800,65,25,19,16,16,13
36900,62,25,19,16,16,13
37000,62,25,19,16,16,13
37100,63,25,19,16,16,14
37200,63,25,19,16,16,14
37300,63,25,19,16,16,14
37400,63,25,19,16,16,14
37500,63,25,19,16,16,14
37600,63,25,19,16,16,14
37700,64,25,19,16,16,14
37800,64,26,19,16,16,14
37900,64,26,20,16,16,14
38000,64,26,19,16,16,14
38100,64,26,20,16,16,14
38200,64,26,20,16,16,14
38300,65,26,20,16,16,14
38400,65,26,20,16,16,14
38500,65,26,20,16,16,14
38600,65,26,20,16,16,14
38700,65,26,20,16,16,14
38800,65,26,20,16,16,14
38900,66,26,20,16,16,14
39000,66,26,20,16,16,14
39100,66,26,20,16,16,14
39200,66,26,20,16,16,14
39300,66,26,20,16,16,14
39400,66,26,20,16,16,14
39500,67,26,20,17,16,14
39600,73,26,20,16,16,14
39700,67,26,20,16,16,14
39800,67,26,20,16,16,14
39900,67,26,20,16,16,14
40000,67,27,20,16,17,14
40100,67,26,20,17,17,14
40200,68,26,20,17,17,14
40300,72,27,20,17,17,14
40400,68,26,20,17,17,14
40500,68,26,20,17,17,14
40600,69,27,20,17,17,15
40700,68,27,20,17,17,15
40800,70,27,21,17,17,15
40900,69,27,21,18,17,15
41000,69,27,20,17,17,15
41100,69,27,21,17,17,15
41200,69,27,21,17,17,15
41300,69,27,21,18,17,15
41400,70,27,21,18,17,15
41500,70,28,21,18,17,15
41600,70,28,22,18,17,15
41700,70,28,22,18,17,15
41800,70,28,22,19,17,15
41900,71,28,22,19,17,15
42000,71,28,23,19,23,15
42100,71,29,23,19,17,15
42200,71,29,23,19,17,15
42300,71,29,23,20,17,15
42400,72,29,24,20,17,15
42500,73,30,23,20,17,15
42600,72,30,24,21,17,15
42700,72,30,24,20,18,15
42800,72,31,24,21,18,15
42900,73,30,24,21,17,15
43000,74,30,25,21,18,15
43100,73,30,25,21,17,15
43200,73,31,25,21,17,15
43300,73,31,25,21,18,15
43400,73,31,25,22,18,15
43500,73,31,25,21,18,15
43600,73,31,25,21,18,15
43700,74,32,26,21,18,15
43800,74,32,26,21,18,15
43900,80,32,26,21,18,16
44000,74,32,26,21,18,16
44100,74,32,26,21,18,16
44200,75,32,27,22,18,16
44300,75,33,27,22,18,16
44400,75,33,27,22,18,16
44500,75,33,27,22,18,16
44600,75,33,27,22,18,16
44700,80,34,28,22,18,16
44800,75,34,28,22,18,16
44900,76,34,28,22,18,16
45000,76,34,28,22,18,16
45100,76,34,28,22,18,16
45200,77,34,28,22,18,16
45300,76,34,28,22,18,16
45400,76,35,28,22,18,16
45500,76,35,28,22,18,16
45600,77,35,28,22,18,16
45700,77,35,28,22,18,16
45800,77,35,28,22,18,16
45900,77,35,28,22,18,16
46000,77,36,29,22,18,16
46100,78,36,28,22,18,16
46200,78,36,28,22,19,16
46300,78,36,28,22,18,16
46400,78,36,29,23,18,16
46500,78,36,29,22,19,16
46600,78,37,29,22,19,16
46700,79,37,29,22,19,16
46800,79,37,29,22,19,16
46900,79,37,29,22,19,16
47000,79,37,29,22,19,16
47100,79,38,29,22,19,16
47200,80,38,29,23,19,16
47300,80,38,29,23,19,16
47400,80,38,29,23,19,17
47500,81,38,29,23,19,17
47600,81,38,29,23,19,17
47700,80,39,29,23,19,17
47800,80,39,29,23,19,17
47900,81,39,29,23,19,17
48000,81,39,29,23,19,17
48100,81,39,29,23,19,17
48200,81,39,29,23,19,17
48300,82,40,29,23,19,17
48400,81,40,29,23,19,17
48500,81,40,29,23,19,17
48600,82,40,29,23,19,17
48700,82,40,29,23,19,17
48800,82,40,29,23,19,17
48900,82,41,29,23,19,17
49000,82,41,30,23,19,17
49100,82,41,30,23,19,17
49200,83,41,30,23,20,17
49300,83,42,30,23,19,17
49400,83,41,30,23,19,17
49500,83,41,30,23,19,17
49600,83,41,30,23,19,17
49700,84,41,30,23,20,17
49800,84,42,31,24,20,17
49900,85,41,30,23,24,17
50000,84,42,30,23,20,17
50100,89,42,30,24,20,17
50200,85,42,30,24,20,17
50300,85,42,30,24,20,17
50400,86,42,30,24,20,17
50500,85,42,30,24,20,18
50600,86,42,30,24,20,18
50700,86,42,30,24,20,18
50800,86,42,30,24,20,17
50900,86,42,30,24,20,18
51000,86,42,30,24,20,18
51100,86,42,30,24,20,18
51200,87,42,30,24,20,18
51300,86,42,30,24,20,18
51400,87,42,30,24,20,18
51500,87,42,30,24,20,19
51600,87,42,31,24,20,19
51700,87,42,31,24,21,19
51800,88,43,31,24,20,19
51900,89,43,31,24,20,20
52000,88,42,31,24,20,20
52100,88,42,31,24,22,20
52200,88,43,31,24,20,20
52300,89,43,31,24,20,20
52400,89,42,31,24,20,20
52500,89,43,31,24,26,20
52600,90,43,31,25,21,21
52700,89,43,31,25,20,21
52800,91,43,31,24,21,21
52900,89,43,31,24,21,21
53000,89,43,31,25,21,21
53100,90,43,31,25,21,21
53200,90,43,31,25,21,21
53300,90,43,31,25,21,21
53400,90,43,31,25,21,21
53500,90,43,31,25,21,21
53600,90,43,31,25,21,21
53700,90,43,31,25,21,21
53800,91,43,31,25,21,21
53900,91,43,32,25,21,21
54000,91,43,31,25,21,21
54100,94,43,32,25,21,21
54200,92,43,32,25,21,21
54300,92,43,31,25,21,21
54400,92,43,31,25,21,21
54500,92,43,32,25,21,21
54600,92,44,32,25,21,21
54700,93,44,32,25,21,21
54800,93,43,32,25,21,21
54900,93,43,32,25,21,21
55000,93,44,32,25,21,21
55100,93,44,32,25,21,21
55200,94,44,32,25,21,21
55300,93,44,32,25,21,22
55400,94,44,32,26,21,21
55500,94,44,32,25,22,21
55600,94,44,32,25,21,21
55700,94,44,32,25,21,22
55800,95,44,32,25,22,21
55900,95,44,32,26,22,21
56000,95,44,32,25,21,22
56100,95,44,32,26,22,22
56200,95,44,32,26,22,22
56300,96,44,32,26,22,22
56400,96,44,32,26,22,22
56500,95,44,33,26,22,22
56600,96,44,32,26,22,22
56700,97,45,32,26,22,22
56800,99,46,32,26,22,22
56900,97,44,32,26,22,22
57000,97,44,33,26,23,22
57100,97,44,33,26,22,22
57200,97,45,33,26,22,22
57300,97,45,33,26,22,23
57400,98,45,33,26,22,22
57500,98,45,33,27,22,22
57600,99,44,33,26,22,22
57700,99,45,33,26,22,22
57800,100,45,33,26,23,22
57900,98,45,33,26,22,22
58000,98,45,33,26,22,22
58100,98,45,33,26,22,22
58200,98,45,33,26,22,22
58300,98,45,33,26,22,23
58400,99,45,33,26,22,23
58500,99,45,33,26,22,22
58600,99,45,33,26,22,22
58700,100,45,33,26,23,22
58800,100,45,33,26,24,22
58900,100,45,33,27,23,22
59000,101,45,33,27,23,22
59100,101,45,33,27,23,23
59200,101,45,34,27,23,23
59300,102,45,34,27,23,23
59400,101,45,34,27,23,23
59500,102,45,34,27,23,23
59600,101,45,33,27,23,23
59700,101,45,33,27,23,23
59800,101,45,34,27,23,23
59900,101,45,34,27,23,23
60000,102,45,34,27,23,23
60100,102,45,34,27,23,23
60200,102,46,34,27,23,23
60300,102,46,34,27,23,23
60400,102,46,34,27,23,23
60500,102,46,34,28,24,24
60600,108,46,34,27,23,23
60700,103,46,34,27,23,23
60800,103,46,34,27,23,23
60900,103,46,34,27,23,23
61000,103,46,34,27,23,23
61100,104,46,34,27,23,23
61200,103,46,34,27,23,23
61300,104,46,34,27,23,23
61400,104,46,34,27,23,23
61500,104,46,34,27,24,23
61600,104,46,34,27,24,23
61700,104,46,34,27,24,23
61800,105,46,34,28,24,23
61900,105,46,37,28,24,24
62000,105,46,34,28,25,24
62100,105,46,34,28,25,23
62200,105,46,35,28,25,24
62300,105,46,34,28,25,24
62400,106,46,34,28,25,24
62500,106,47,34,28,26,24
62600,106,47,35,28,26,24
62700,106,47,35,28,26,24
62800,106,47,37,28,27,24
62900,106,47,35,28,27,24
63000,107,47,35,28,27,24
63100,107,47,35,28,27,24
63200,107,47,35,28,27,24
63300,107,47,35,28,28,24
63400,107,47,35,28,28,24
63500,108,47,35,28,28,24
63600,108,47,35,28,28,24
63700,108,47,35,28,28,24
63800,108,47,35,28,28,24
63900,108,47,35,28,28,24
64000,108,47,35,28,28,24
64100,109,47,35,28,28,24
64200,109,48,35,33,28,24
64300,109,47,35,28,28,24
64400,109,47,35,28,29,24
64500,113,49,35,28,29,24
64600,110,48,35,28,28,24
64700,110,47,36,28,29,24
64800,110,47,35,29,29,24
64900,110,47,35,29,29,24
65000,110,47,35,29,29,24
65100,110,47,35,29,29,24
65200,110,48,35,29,29,24
65300,111,48,36,29,29,25
65400,111,48,36,29,29,25
65500,111,48,36,29,29,25
65600,111,48,36,29,29,25
65700,111,48,36,29,29,25
65800,111,48,36,29,29,25
65900,112,48,36,29,29,25
66000,112,48,36,29,29,25
66100,112,48,36,29,29,25
66200,113,71,37,37,30,27
66300,117,49,38,30,30,26
66400,116,52,37,30,30,26
66500,116,49,37,30,30,26
66600,117,51,37,30,30,25
66700,115,49,36,29,29,26
66800,113,48,38,29,29,25
66900,113,48,36,29,29,25
67000,114,48,36,29,29,25
67100,114,48,36,29,29,25
67200,114,48,36,29,29,25
67300,114,48,36,29,29,25
67400,115,49,36,30,29,25
67500,114,48,36,30,30,25
67600,115,49,36,30,29,25
67700,115,49,37,29,30,25
67800,115,49,37,30,30,25
67900,115,49,37,30,30,25
68000,116,49,37,30,30,25
68100,116,49,37,30,30,25
68200,115,49,37,30,30,25
68300,124,49,37,30,30,31
68400,116,49,37,30,30,25
68500,117,49,37,30,30,26
68600,116,49,37,30,30,26
68700,116,49,37,30,30,26
68800,117,49,38,31,31,26
68900,118,49,38,31,30,26
69000,117,49,37,30,30,26
69100,117,49,38,30,31,26
69200,118,50,37,30,30,26
69300,118,49,37,30,30,26
69400,119,50,37,30,30,26
69500,123,49,40,30,30,26
69600,118,49,37,30,30,26
69700,118,49,37,30,30,26
69800,118,49,37,30,30,26
69900,119,49,37,30,30,26
70000,119,49,37,30,30,26
70100,119,49,37,30,30,26
70200,119,49,37,30,30,26
70300,120,50,37,31,30,28
70400,119,50,38,31,31,26
70500,120,50,37,30,31,26
70600,120,50,37,31,31,26
70700,120,50,37,30,31,26
70800,120,50,38,31,31,26
70900,120,50,38,31,31,26
71000,120,50,38,31,31,26
71100,121,50,38,31,31,26
71200,121,50,38,31,31,26
71300,122,50,38,31,31,27
71400,121,50,38,31,31,26
71500,122,50,38,31,31,26
71600,123,51,38,31,31,27
71700,122,50,38,31,31,26
71800,122,50,39,31,31,26
71900,123,51,38,31,31,27
72000,124,51,38,31,31,27
72100,123,50,38,31,31,29
72200,122,50,38,31,31,27
72300,122,50,38,31,31,27
72400,123,51,38,31,31,27
72500,123,50,38,31,31,27
72600,124,50,38,31,31,27
72700,123,50,38,31,31,27
72800,124,51,38,31,31,27
72900,124,51,38,31,31,27
73000,124,51,38,31,31,27
73100,125,51,38,31,31,28
73200,124,51,38,31,31,27
73300,125,51,38,31,31,27
73400,125,51,38,31,31,27
73500,125,51,39,31,31,27
73600,125,51,39,32,31,27
73700,125,51,39,31,31,27
73800,125,51,39,32,32,27
73900,125,51,39,32,32,27
74000,126,51,39,32,32,29
74100,139,52,42,32,32,27
74200,126,51,39,32,32,28
74300,126,51,39,32,32,28
74400,128,51,39,32,32,27
74500,126,51,39,32,32,28
74600,127,52,39,32,32,28
74700,127,51,39,32,32,28
74800,127,51,39,32,32,28
74900,127,52,39,32,32,28
75000,128,52,39,32,32,28
75100,128,52,39,32,32,28
75200,128,52,39,32,32,28
75300,128,52,39,32,32,28
75400,128,52,39,33,32,28
75500,128,52,39,33,32,28
75600,128,52,39,32,32,28
75700,128,52,40,33,32,28
75800,135,52,40,33,32,28
75900,129,52,40,33,33,29
76000,130,53,40,33,32,28
76100,130,52,40,33,33,28
76200,131,53,40,33,33,28
76300,131,53,40,33,33,28
76400,132,53,40,33,33,28
76500,132,53,40,33,33,28
76600,130,52,40,33,33,28
76700,130,52,40,33,33,28
76800,130,52,40,33,33,28
76900,131,56,40,33,33,28
77000,131,52,40,33,33,28
77100,131,52,40,33,33,28
77200,131,52,40,33,33,28
77300,131,53,40,33,33,28
77400,132,53,40,33,33,28
77500,132,53,40,33,33,28
77600,132,53,40,33,33,29
77700,132,53,41,33,33,30
77800,133,53,41,33,33,29
77900,133,53,40,33,33,29
78000,133,53,40,34,33,29
78100,133,53,40,33,33,29
78200,133,53,40,33,33,29
78300,133,53,41,33,34,29
78400,133,53,41,33,33,29
78500,133,53,41,33,33,29
78600,133,53,41,34,33,29
78700,134,53,41,33,33,29
78800,134,53,41,33,34,29
78900,134,53,41,33,33,29
79000,134,53,41,33,34,29
79100,134,53,41,34,34,29
79200,135,53,41,34,34,29
79300,135,53,41,34,34,29
79400,135,53,41,34,34,29
79500,135,53,41,34,34,29
79600,135,53,41,34,34,29
79700,135,53,41,34,34,29
79800,136,54,44,34,34,29
79900,135,53,41,34,34,30
80000,136,54,41,34,34,29
80100,136,54,41,34,34,29
80200,136,54,41,34,34,29
80300,137,54,41,35,34,29
80400,136,54,41,34,34,29
80500,137,54,41,34,42,30
80600,137,54,41,34,34,30
80700,137,54,41,34,34,29
80800,137,54,41,34,34,29
80900,137,54,41,34,34,29
81000,137,54,41,34,34,30
81100,138,54,41,34,34,30
81200,138,54,42,34,34,30
81300,138,54,42,34,34,30
81400,138,54,42,34,35,30
81500,138,54,42,34,34,30
81600,139,54,42,34,34,30
81700,139,54,42,34,34,30
81800,139,54,42,34,34,30
81900,139,54,42,34,34,30
82000,139,54,42,35,34,30
82100,139,55,42,35,35,30
82200,140,55,42,35,35,30
82300,140,55,43,35,35,30
82400,140,55,43,36,35,30
82500,140,55,43,36,35,30
82600,141,56,43,37,35,34
82700,142,56,44,36,35,30
82800,140,56,44,36,35,30
82900,141,56,44,37,35,30
83000,141,56,44,37,35,30
83100,141,56,44,37,35,30
83200,141,57,44,37,35,30
83300,141,57,44,37,35,30
83400,142,57,45,38,35,30
83500,141,57,45,38,35,31
83600,144,58,45,38,36,30
83700,142,58,45,39,35,31
83800,143,58,46,38,35,30
83900,142,58,46,39,35,30
84000,142,58,46,39,35,31
84100,143,58,46,39,35,31
84200,143,58,46,39,35,31
84300,143,59,46,40,35,31
84400,143,59,47,40,35,31
84500,143,59,47,40,35,31
84600,143,59,47,40,35,31
84700,144,59,47,40,35,31
84800,144,64,47,41,36,31
84900,144,60,48,41,36,31
85000,145,60,48,42,36,31
85100,145,60,48,41,36,31
85200,145,60,48,41,36,31
85300,145,60,48,42,36,31
85400,145,61,48,42,36,31
85500,145,61,49,42,36,31
85600,145,61,49,42,36,31
85700,146,61,49,43,36,31
85800,146,61,49,43,36,31
85900,146,61,49,43,36,31
86000,146,62,50,43,36,31
86100,146,62,50,44,36,31
86200,146,62,50,43,36,31
86300,146,62,51,43,36,31
86400,147,62,50,43,36,31
86500,147,63,51,43,36,31
86600,147,63,51,43,36,31
86700,147,63,51,43,36,31
86800,147,63,51,44,36,32
86900,147,63,53,45,37,32
87000,148,64,52,47,36,32
87100,148,64,52,44,36,32
87200,148,64,52,44,37,32
87300,148,64,52,44,36,32
87400,149,64,52,44,36,32
87500,149,64,52,44,36,32
87600,149,65,53,44,37,32
87700,149,67,53,44,36,35
87800,150,65,53,44,36,32
87900,150,65,54,44,37,32
88000,150,65,54,44,37,32
88100,150,66,54,44,37,32
88200,153,66,54,44,37,32
88300,150,66,54,44,37,32
88400,150,66,54,44,39,32
88500,150,66,54,44,37,32
88600,151,67,55,44,37,33
88700,150,66,55,45,37,32
88800,152,67,57,44,40,32
88900,151,68,55,44,37,32
89000,151,67,55,45,37,32
89100,152,67,56,44,37,32
89200,155,68,56,45,38,33
89300,153,70,56,45,38,33
89400,156,68,58,45,37,33
89500,152,69,57,45,39,33
89600,156,69,57,46,38,32
89700,178,80,58,45,38,32
89800,153,69,59,46,38,33
89900,153,69,57,46,37,34
90000,153,70,59,48,39,35
90100,157,70,60,47,38,36
90200,158,72,60,48,38,33
90300,154,70,59,46,38,34
90400,164,72,59,46,38,34
90500,157,72,59,46,39,33
90600,158,71,58,46,39,35
90700,161,73,59,46,38,33
90800,157,72,59,46,39,35
90900,157,72,59,46,39,34
91000,159,73,59,45,39,35
91100,160,72,61,47,39,34
91200,161,75,61,47,41,36
91300,160,73,60,46,39,35
91400,159,72,58,47,39,34
91500,158,74,60,49,38,34
91600,162,74,59,45,38,36
91700,160,74,60,47,39,33
91800,168,75,60,47,39,34
91900,168,76,61,47,41,34
92000,160,73,59,46,39,34
92100,163,74,58,46,39,33
92200,162,75,58,47,42,34
92300,160,74,59,46,39,39
92400,161,75,60,47,47,34
92500,158,75,60,46,38,33
92600,158,74,59,46,39,33
92700,169,76,59,46,39,34
92800,159,75,75,47,40,34
92900,163,77,62,48,40,35
93000,160,76,63,53,43,35
93100,166,77,60,46,41,36
93200,166,78,61,47,40,35
93300,189,79,61,47,40,35
93400,168,95,83,53,44,38
93500,193,80,61,48,40,35
93600,164,78,64,49,42,44
93700,210,80,61,47,39,34
93800,169,104,63,48,41,46
93900,222,89,68,48,40,35
94000,168,84,61,48,40,36
94100,166,78,63,46,39,34
94200,160,76,59,46,39,34
94300,160,77,59,46,39,34
94400,161,77,59,46,39,34
94500,160,77,59,46,39,34
94600,161,77,60,46,39,34
94700,161,77,59,46,39,34
94800,161,77,59,46,39,34
94900,161,78,59,46,39,34
95000,161,78,59,46,39,35
95100,162,78,59,47,39,34
95200,162,79,59,47,39,34
95300,162,79,59,47,39,34
95400,162,79,59,47,39,34
95500,162,79,61,60,39,34
95600,162,81,60,49,40,34
95700,163,80,60,47,39,34
95800,169,80,64,47,39,35
95900,163,80,61,47,39,34
96000,163,80,60,47,39,34
96100,163,80,60,47,39,34
96200,163,80,60,47,39,34
96300,164,81,60,47,39,35
96400,164,80,60,47,40,35
96500,169,80,60,47,40,35
96600,164,81,60,47,39,34
96700,164,81,60,47,39,35
96800,164,81,60,47,39,35
96900,164,81,60,47,39,35
97000,165,82,60,47,40,35
97100,165,82,60,47,40,35
97200,165,82,60,47,40,35
97300,165,82,60,47,40,35
97400,165,82,60,47,40,35
97500,165,83,60,47,40,35
97600,165,83,60,48,40,35
97700,166,83,61,48,40,35
97800,167,83,61,48,40,35
97900,167,83,61,48,40,35
98000,167,83,61,48,40,35
98100,167,85,61,48,40,35
98200,167,84,61,48,40,35
98300,167,84,61,48,40,35
98400,167,84,61,48,40,35
98500,167,84,61,51,40,35
98600,167,84,61,49,41,35
98700,167,84,61,48,40,35
98800,168,84,61,48,40,35
98900,168,84,61,48,40,35
99000,168,86,61,48,40,35
99100,168,84,61,48,40,35
99200,168,84,61,48,40,36
99300,169,84,61,48,41,36
99400,170,84,62,48,41,36
99500,171,84,61,48,41,36
99600,170,85,62,48,40,36
99700,171,85,62,48,41,36
99800,170,85,61,48,41,36
99900,170,85,61,48,41,36
100000,170,85,61,50,41,36
